<?xml version="1.0" encoding="UTF-8" standalone="no"?>
<instance:xArch xmlns:instance="http://www.ics.uci.edu/pub/arch/xArch/instance.xsd" xmlns:changes="http://www.ics.uci.edu/pub/arch/xArch/changes.xsd" xmlns:hints3="http://www.ics.uci.edu/pub/arch/xArch/hints3.xsd" xmlns:implementation="http://www.ics.uci.edu/pub/arch/xArch/implementation.xsd" xmlns:implementationext="http://www.ics.uci.edu/pub/arch/xArch/implementationext.xsd" xmlns:javaimplementation="http://www.ics.uci.edu/pub/arch/xArch/javaimplementation.xsd" xmlns:lookupimplementation="http://www.ics.uci.edu/pub/arch/xArch/lookupimplementation.xsd" xmlns:types="http://www.ics.uci.edu/pub/arch/xArch/types.xsd" xmlns:xlink="http://www.w3.org/1999/xlink" xmlns:xsi="http://www.w3.org/2001/XMLSchema-instance" xsi:schemaLocation="http://www.ics.uci.edu/pub/arch/xArch/implementationext.xsd http://www.ics.uci.edu/~zhengy/schema/Implementationext.xsd http://www.ics.uci.edu/pub/arch/xArch/changes.xsd http://www.ics.uci.edu/~zhengy/schema/changes.xsd http://www.ics.uci.edu/pub/arch/xArch/hints3.xsd http://www.isr.uci.edu/projects/xarchuci/ext/hints3.xsd http://www.ics.uci.edu/pub/arch/xArch/lookupimplementation.xsd http://www.isr.uci.edu/projects/xarchuci/ext/lookupimplementation.xsd http://www.ics.uci.edu/pub/arch/xArch/javaimplementation.xsd http://www.isr.uci.edu/projects/xarchuci/ext/javaimplementation.xsd http://www.ics.uci.edu/pub/arch/xArch/implementation.xsd http://www.isr.uci.edu/projects/xarchuci/ext/implementation.xsd http://www.ics.uci.edu/pub/arch/xArch/variants.xsd http://www.isr.uci.edu/projects/xarchuci/ext/variants.xsd http://www.ics.uci.edu/pub/arch/xArch/instance.xsd http://www.isr.uci.edu/projects/xarchuci/core/instance.xsd http://www.ics.uci.edu/pub/arch/xArch/statecharts.xsd http://www.ics.uci.edu/~zhengy/schema/statecharts.xsd http://www.ics.uci.edu/pub/arch/xArch/interactions.xsd http://www.ics.uci.edu/~zhengy/schema/interactions.xsd http://www.ics.uci.edu/pub/arch/xArch/types.xsd http://www.isr.uci.edu/projects/xarchuci/ext/types.xsd http://www.ics.uci.edu/pub/arch/xArch/changesets.xsd http://www.isr.uci.edu/projects/xarchuci/ext/changesets.xsd">
    <types:archTypes xsi:type="types:ArchTypes">
        <types:connectorType types:id="connectorTypeffffff8a-e62cd0f4-d07ac6d8-79500002" xsi:type="implementation:VariantConnectorTypeImpl">
            <types:description xsi:type="instance:Description">EventPump Type</types:description>
            <types:signature types:id="signatureffffff8a-e62cd102-7620160f-79500003" xsi:type="implementation:SignatureImpl">
                <types:description xsi:type="instance:Description">in</types:description>
                <types:direction xsi:type="instance:Direction">in</types:direction>
                <implementation:implementation xsi:type="lookupimplementation:LookupImplementation">
                    <lookupimplementation:name xsi:type="lookupimplementation:LookupName">in</lookupimplementation:name>
                </implementation:implementation>
            </types:signature>
            <types:signature types:id="signatureffffff8a-e62cd104-85a8d261-79500004" xsi:type="implementation:SignatureImpl">
                <types:description xsi:type="instance:Description">out</types:description>
                <types:direction xsi:type="instance:Direction">out</types:direction>
                <implementation:implementation xsi:type="lookupimplementation:LookupImplementation">
                    <lookupimplementation:name xsi:type="lookupimplementation:LookupName">out</lookupimplementation:name>
                </implementation:implementation>
            </types:signature>
            <implementation:implementation xsi:type="javaimplementation:JavaImplementation">
                <javaimplementation:mainClass xsi:type="javaimplementation:JavaClassFile">
                    <javaimplementation:javaClassName xsi:type="javaimplementation:JavaClassName">edu.uci.isr.myx.conn.EventPumpConnector</javaimplementation:javaClassName>
                </javaimplementation:mainClass>
            </implementation:implementation>
        </types:connectorType>
        <types:connectorType types:id="connectorTypeffffff8a-e62cd104-135e00ac-79500005" xsi:type="implementation:VariantConnectorTypeImpl">
            <types:description xsi:type="instance:Description">Synchronous Type</types:description>
            <types:signature types:id="signatureffffff8a-e62cd104-ce78040b-79500006" xsi:type="implementation:SignatureImpl">
                <types:description xsi:type="instance:Description">in</types:description>
                <types:direction xsi:type="instance:Direction">in</types:direction>
                <implementation:implementation xsi:type="lookupimplementation:LookupImplementation">
                    <lookupimplementation:name xsi:type="lookupimplementation:LookupName">in</lookupimplementation:name>
                </implementation:implementation>
            </types:signature>
            <types:signature types:id="signatureffffff8a-e62cd104-1cd2f16f-79500007" xsi:type="implementation:SignatureImpl">
                <types:description xsi:type="instance:Description">out</types:description>
                <types:direction xsi:type="instance:Direction">out</types:direction>
                <implementation:implementation xsi:type="lookupimplementation:LookupImplementation">
                    <lookupimplementation:name xsi:type="lookupimplementation:LookupName">out</lookupimplementation:name>
                </implementation:implementation>
            </types:signature>
            <implementation:implementation xsi:type="javaimplementation:JavaImplementation">
                <javaimplementation:mainClass xsi:type="javaimplementation:JavaClassFile">
                    <javaimplementation:javaClassName xsi:type="javaimplementation:JavaClassName">edu.uci.isr.myx.conn.SynchronousProxyConnector</javaimplementation:javaClassName>
                </javaimplementation:mainClass>
            </implementation:implementation>
        </types:connectorType>
        <types:connectorType types:id="connectorTypeffffff8a-e62cd104-a3fc4780-79500008" xsi:type="implementation:VariantConnectorTypeImpl">
            <types:description xsi:type="instance:Description">EventPump Type - Sync &amp; Async</types:description>
            <types:signature types:id="signatureffffff8a-e62cd104-647e1d29-79500009" xsi:type="implementation:SignatureImpl">
                <types:description xsi:type="instance:Description">in</types:description>
                <types:direction xsi:type="instance:Direction">in</types:direction>
                <implementation:implementation xsi:type="lookupimplementation:LookupImplementation">
                    <lookupimplementation:name xsi:type="lookupimplementation:LookupName">in</lookupimplementation:name>
                </implementation:implementation>
            </types:signature>
            <types:signature types:id="signatureffffff8a-e62cd104-9ab950f3-7950000a" xsi:type="implementation:SignatureImpl">
                <types:description xsi:type="instance:Description">out</types:description>
                <types:direction xsi:type="instance:Direction">out</types:direction>
                <implementation:implementation xsi:type="lookupimplementation:LookupImplementation">
                    <lookupimplementation:name xsi:type="lookupimplementation:LookupName">asynch</lookupimplementation:name>
                </implementation:implementation>
            </types:signature>
            <types:signature types:id="signatureffffff8a-e62cd104-fdd2fb12-7950000b" xsi:type="implementation:SignatureImpl">
                <types:description xsi:type="instance:Description">out</types:description>
                <types:direction xsi:type="instance:Direction">out</types:direction>
                <implementation:implementation xsi:type="lookupimplementation:LookupImplementation">
                    <lookupimplementation:name xsi:type="lookupimplementation:LookupName">synch</lookupimplementation:name>
                </implementation:implementation>
            </types:signature>
            <implementation:implementation xsi:type="javaimplementation:JavaImplementation">
                <javaimplementation:mainClass xsi:type="javaimplementation:JavaClassFile">
                    <javaimplementation:javaClassName xsi:type="javaimplementation:JavaClassName">edu.uci.isr.myx.conn.SynchAsynchPumpConnector</javaimplementation:javaClassName>
                </javaimplementation:mainClass>
            </implementation:implementation>
        </types:connectorType>
        <types:interfaceType types:id="interfaceTypeffffff8a-e62ce002-76a70ce3-7950000c" xsi:type="implementation:InterfaceTypeImpl">
            <types:description xsi:type="instance:Description"> tetris provided</types:description>
            <implementation:implementation xsi:type="javaimplementation:JavaImplementation">
                <javaimplementation:mainClass xsi:type="javaimplementation:JavaClassFile">
                    <javaimplementation:javaClassName xsi:type="javaimplementation:JavaClassName">edu.umkc.tetris1.TProvided</javaimplementation:javaClassName>
                </javaimplementation:mainClass>
            </implementation:implementation>
        </types:interfaceType>
        <types:interfaceType types:id="interfaceTypeffffff8a-e62ce7fe-f4a3cfda-7950000d" xsi:type="implementation:InterfaceTypeImpl">
            <types:description xsi:type="instance:Description"> tetris required</types:description>
            <implementation:implementation xsi:type="javaimplementation:JavaImplementation">
                <javaimplementation:mainClass xsi:type="javaimplementation:JavaClassFile">
                    <javaimplementation:javaClassName xsi:type="javaimplementation:JavaClassName">edu.umkc.tetris1.TRequired</javaimplementation:javaClassName>
                </javaimplementation:mainClass>
            </implementation:implementation>
        </types:interfaceType>
    </types:archTypes>
    <types:archStructure types:id="archStructureffffff8a-e62d66d8-949cd2b4-7950000e" xsi:type="types:ArchStructure">
        <types:description xsi:type="instance:Description">mytetris</types:description>
        <types:component types:id="componentffffff8a-e62dcaa8-d57ee15c-79500012" xsi:type="implementationext:ComponentImpl">
            <types:description xsi:type="instance:Description"> Tetris</types:description>
            <types:interface types:id="interfaceffffff8a-e62f3c4a-499a8cb6-795001cf" xsi:type="types:Interface">
                <types:description xsi:type="instance:Description">[New Interface]</types:description>
                <types:direction xsi:type="instance:Direction">in</types:direction>
                <types:type xlink:href="#interfaceTypeffffff8a-e62ce002-76a70ce3-7950000c" xlink:type="simple" xsi:type="instance:XMLLink"/>
                
                
            </types:interface>
            <types:interface types:id="interfaceffffff8a-e62f5d85-a035d12d-795001d7" xsi:type="types:Interface">
                <types:description xsi:type="instance:Description">[New Interface]</types:description>
                <types:direction xsi:type="instance:Direction">out</types:direction>
                <types:type xlink:href="#interfaceTypeffffff8a-e62ce7fe-f4a3cfda-7950000d" xlink:type="simple" xsi:type="instance:XMLLink"/>
                
                
            </types:interface>
            <implementationext:implementation xsi:type="javaimplementation:JavaImplementation">
                <javaimplementation:mainClass xsi:type="javaimplementation:JavaClassFile">
                    <javaimplementation:javaClassName xsi:type="javaimplementation:JavaClassName">edu.umkc.mytetris.logic.TetrisArch</javaimplementation:javaClassName>
                </javaimplementation:mainClass>
                <javaimplementation:auxClass xsi:type="javaimplementation:JavaClassFile">
                    <javaimplementation:javaClassName xsi:type="javaimplementation:JavaClassName">edu.umkc.mytetris.logic.TetrisImp</javaimplementation:javaClassName>
                </javaimplementation:auxClass>
            </implementationext:implementation>
            
            
            
        </types:component>
        <types:component types:id="componentffffff8a-e62de0d9-e161be80-79500036" xsi:type="implementationext:ComponentImpl">
            <types:description xsi:type="instance:Description"> BoardPanel</types:description>
            <types:interface types:id="interfaceffffff8a-e62fd144-b4e278a4-795001f9" xsi:type="types:Interface">
                <types:description xsi:type="instance:Description">[New Interface]</types:description>
                <types:direction xsi:type="instance:Direction">out</types:direction>
                <types:type xlink:href="#interfaceTypeffffff8a-e62ce002-76a70ce3-7950000c" xlink:type="simple" xsi:type="instance:XMLLink"/>
                
                
            </types:interface>
            <types:interface types:id="interfaceffffff8a-e633fcb2-720931db-79500293" xsi:type="types:Interface">
                <types:description xsi:type="instance:Description">[New Interface]</types:description>
                <types:direction xsi:type="instance:Direction">in</types:direction>
                <types:type xlink:href="#interfaceTypeffffff8a-e62ce7fe-f4a3cfda-7950000d" xlink:type="simple" xsi:type="instance:XMLLink"/>
                
                
            </types:interface>
            <implementationext:implementation xsi:type="javaimplementation:JavaImplementation">
                <javaimplementation:mainClass xsi:type="javaimplementation:JavaClassFile">
                    <javaimplementation:javaClassName xsi:type="javaimplementation:JavaClassName">edu.umkc.mytetris.boardpanel.BoardPanelArch</javaimplementation:javaClassName>
                </javaimplementation:mainClass>
                <javaimplementation:auxClass xsi:type="javaimplementation:JavaClassFile">
                    <javaimplementation:javaClassName xsi:type="javaimplementation:JavaClassName">edu.umkc.mytetris.boardpanel.BoardPanelImp</javaimplementation:javaClassName>
                </javaimplementation:auxClass>
            </implementationext:implementation>
            
            
            
        </types:component>
        <types:component types:id="componentffffff8a-e62df399-ddaaf04a-79500059" xsi:type="implementationext:ComponentImpl">
            <types:description xsi:type="instance:Description"> SidePanel</types:description>
            <types:interface types:id="interfaceffffff8a-e62fe87b-e4ba33d4-7950021a" xsi:type="types:Interface">
                <types:description xsi:type="instance:Description">[New Interface]</types:description>
                <types:direction xsi:type="instance:Direction">out</types:direction>
                <types:type xlink:href="#interfaceTypeffffff8a-e62ce002-76a70ce3-7950000c" xlink:type="simple" xsi:type="instance:XMLLink"/>
                
                
            </types:interface>
            <implementationext:implementation xsi:type="javaimplementation:JavaImplementation">
                <javaimplementation:mainClass xsi:type="javaimplementation:JavaClassFile">
                    <javaimplementation:javaClassName xsi:type="javaimplementation:JavaClassName">edu.umkc.mytetris.sidepanel.SidePanelArch</javaimplementation:javaClassName>
                </javaimplementation:mainClass>
                <javaimplementation:auxClass xsi:type="javaimplementation:JavaClassFile">
                    <javaimplementation:javaClassName xsi:type="javaimplementation:JavaClassName">edu.umkc.mytetris.sidepanel.SidePanelImp</javaimplementation:javaClassName>
                </javaimplementation:auxClass>
            </implementationext:implementation>
            
            
        </types:component>
        <types:component types:id="componentffffff8a-e62e07eb-e4c95e92-7950007c" xsi:type="implementationext:ComponentImpl">
            <types:description xsi:type="instance:Description"> Clock</types:description>
            <types:interface types:id="interfaceffffff8a-e62fff59-90308a33-7950023b" xsi:type="types:Interface">
                <types:description xsi:type="instance:Description">[New Interface]</types:description>
                <types:direction xsi:type="instance:Direction">in</types:direction>
                <types:type xlink:href="#interfaceTypeffffff8a-e62ce7fe-f4a3cfda-7950000d" xlink:type="simple" xsi:type="instance:XMLLink"/>
                
                
            </types:interface>
            <implementationext:implementation xsi:type="javaimplementation:JavaImplementation">
                <javaimplementation:mainClass xsi:type="javaimplementation:JavaClassFile">
                    <javaimplementation:javaClassName xsi:type="javaimplementation:JavaClassName">edu.umkc.mytetris.clock.ClockArch</javaimplementation:javaClassName>
                </javaimplementation:mainClass>
                <javaimplementation:auxClass xsi:type="javaimplementation:JavaClassFile">
                    <javaimplementation:javaClassName xsi:type="javaimplementation:JavaClassName">edu.umkc.mytetris.clock.ClockImp</javaimplementation:javaClassName>
                </javaimplementation:auxClass>
            </implementationext:implementation>
            
            
        </types:component>
        <types:link types:id="linkffffff8a-e630c926-c3c92a5f-7950024a" xsi:type="types:Link">
            <types:description xsi:type="instance:Description">[New Link]</types:description>
            <types:point xsi:type="instance:Point">
                <instance:anchorOnInterface xlink:href="#interfaceffffff8a-e62f3c4a-499a8cb6-795001cf" xlink:type="simple" xsi:type="instance:XMLLink"/>
            </types:point>
            <types:point xsi:type="instance:Point">
                <instance:anchorOnInterface xlink:href="#interfaceffffff8a-e62fd144-b4e278a4-795001f9" xlink:type="simple" xsi:type="instance:XMLLink"/>
            </types:point>
        </types:link>
        <types:link types:id="linkffffff8a-e631049f-9d3f11c9-7950025a" xsi:type="types:Link">
            <types:description xsi:type="instance:Description">[New Link]</types:description>
            <types:point xsi:type="instance:Point">
                <instance:anchorOnInterface xlink:href="#interfaceffffff8a-e62f3c4a-499a8cb6-795001cf" xlink:type="simple" xsi:type="instance:XMLLink"/>
            </types:point>
            <types:point xsi:type="instance:Point">
                <instance:anchorOnInterface xlink:href="#interfaceffffff8a-e62fe87b-e4ba33d4-7950021a" xlink:type="simple" xsi:type="instance:XMLLink"/>
            </types:point>
        </types:link>
        <types:link types:id="linkffffff8a-e631549d-91f83292-7950026a" xsi:type="types:Link">
            <types:description xsi:type="instance:Description">[New Link]</types:description>
            <types:point xsi:type="instance:Point">
                <instance:anchorOnInterface xlink:href="#interfaceffffff8a-e62f5d85-a035d12d-795001d7" xlink:type="simple" xsi:type="instance:XMLLink"/>
            </types:point>
            <types:point xsi:type="instance:Point">
                <instance:anchorOnInterface xlink:href="#interfaceffffff8a-e62fff59-90308a33-7950023b" xlink:type="simple" xsi:type="instance:XMLLink"/>
            </types:point>
        </types:link>
        <types:link types:id="linkffffff8a-e6344794-31eba3ba-7950029c" xsi:type="types:Link">
            <types:description xsi:type="instance:Description">[New Link]</types:description>
            <types:point xsi:type="instance:Point">
                <instance:anchorOnInterface xlink:href="#interfaceffffff8a-e62f5d85-a035d12d-795001d7" xlink:type="simple" xsi:type="instance:XMLLink"/>
            </types:point>
            <types:point xsi:type="instance:Point">
                <instance:anchorOnInterface xlink:href="#interfaceffffff8a-e633fcb2-720931db-79500293" xlink:type="simple" xsi:type="instance:XMLLink"/>
            </types:point>
        </types:link>
    </types:archStructure>
    <hints3:renderingHints3 xsi:type="hints3:RenderingHints3">
        <hints3:hintedElement hints3:maintainer="edu.uci.isr.archstudio4.comp.archipelago" hints3:version="4.0.0" xsi:type="hints3:HintBundle"/>
        <hints3:hintedElement hints3:maintainer="edu.uci.isr.archstudio4.comp.archipelago" hints3:version="4.1.0" xsi:type="hints3:HintBundle">
            <hints3:hintedElement xsi:type="hints3:HintedElement">
                <hints3:target xlink:href="#archStructureffffff8a-e62d66d8-949cd2b4-7950000e" xlink:type="simple" xsi:type="instance:XMLLink"/>
                <hints3:hintedElement xsi:type="hints3:HintedElement">
                    <hints3:target xlink:href="#componentffffff8a-e62dcaa8-d57ee15c-79500012" xlink:type="simple" xsi:type="instance:XMLLink"/>
                    <hints3:property hints3:name="glass/boundingBox" xsi:type="hints3:Property">
                        <hints3:value hints3:data="10300,10075,100,100" hints3:type="org.eclipse.swt.graphics.Rectangle" xsi:type="hints3:PropertyValue"/>
                    </hints3:property>
                    <hints3:property hints3:name="background/color" xsi:type="hints3:Property">
                        <hints3:value hints3:data="197,203,255" hints3:type="org.eclipse.swt.graphics.RGB" xsi:type="hints3:PropertyValue"/>
                    </hints3:property>
                </hints3:hintedElement>
                <hints3:hintedElement xsi:type="hints3:HintedElement">
                    <hints3:target xlink:href="#componentffffff8a-e62de0d9-e161be80-79500036" xlink:type="simple" xsi:type="instance:XMLLink"/>
                    <hints3:property hints3:name="glass/boundingBox" xsi:type="hints3:Property">
                        <hints3:value hints3:data="10125,10275,100,100" hints3:type="org.eclipse.swt.graphics.Rectangle" xsi:type="hints3:PropertyValue"/>
                    </hints3:property>
                    <hints3:property hints3:name="background/color" xsi:type="hints3:Property">
                        <hints3:value hints3:data="197,203,255" hints3:type="org.eclipse.swt.graphics.RGB" xsi:type="hints3:PropertyValue"/>
                    </hints3:property>
                </hints3:hintedElement>
                <hints3:hintedElement xsi:type="hints3:HintedElement">
                    <hints3:target xlink:href="#componentffffff8a-e62df399-ddaaf04a-79500059" xlink:type="simple" xsi:type="instance:XMLLink"/>
                    <hints3:property hints3:name="glass/boundingBox" xsi:type="hints3:Property">
                        <hints3:value hints3:data="10300,10275,100,100" hints3:type="org.eclipse.swt.graphics.Rectangle" xsi:type="hints3:PropertyValue"/>
                    </hints3:property>
                    <hints3:property hints3:name="background/color" xsi:type="hints3:Property">
                        <hints3:value hints3:data="197,203,255" hints3:type="org.eclipse.swt.graphics.RGB" xsi:type="hints3:PropertyValue"/>
                    </hints3:property>
                </hints3:hintedElement>
                <hints3:hintedElement xsi:type="hints3:HintedElement">
                    <hints3:target xlink:href="#componentffffff8a-e62e07eb-e4c95e92-7950007c" xlink:type="simple" xsi:type="instance:XMLLink"/>
                    <hints3:property hints3:name="glass/boundingBox" xsi:type="hints3:Property">
                        <hints3:value hints3:data="10450,10275,100,100" hints3:type="org.eclipse.swt.graphics.Rectangle" xsi:type="hints3:PropertyValue"/>
                    </hints3:property>
                    <hints3:property hints3:name="background/color" xsi:type="hints3:Property">
                        <hints3:value hints3:data="197,203,255" hints3:type="org.eclipse.swt.graphics.RGB" xsi:type="hints3:PropertyValue"/>
                    </hints3:property>
                </hints3:hintedElement>
                <hints3:hintedElement xsi:type="hints3:HintedElement">
                    <hints3:target xlink:href="#interfaceffffff8a-e62f3c4a-499a8cb6-795001cf" xlink:type="simple" xsi:type="instance:XMLLink"/>
                    <hints3:property hints3:name="glass/anchorPoint" xsi:type="hints3:Property">
                        <hints3:value hints3:data="10325,10175" hints3:type="org.eclipse.swt.graphics.Point" xsi:type="hints3:PropertyValue"/>
                    </hints3:property>
                    <hints3:property hints3:name="glass/anchorPoint-StuckInfo" xsi:type="hints3:Property">
                        <hints3:value hints3:data="{EDGE,{0.25,1.0}}" hints3:type="{[Ljava.lang.Object;,2,enum:edu.uci.isr.bna4.logics.coordinating.MaintainStickyPointLogic$StickyMode,{[F,2,java.lang.Float,java.lang.Float}}" xsi:type="hints3:PropertyValue"/>
                    </hints3:property>
                    <hints3:property hints3:name="background/color" xsi:type="hints3:Property">
                        <hints3:value hints3:data="255,255,255" hints3:type="org.eclipse.swt.graphics.RGB" xsi:type="hints3:PropertyValue"/>
                    </hints3:property>
                </hints3:hintedElement>
                <hints3:hintedElement xsi:type="hints3:HintedElement">
                    <hints3:target xlink:href="#interfaceffffff8a-e62f5d85-a035d12d-795001d7" xlink:type="simple" xsi:type="instance:XMLLink"/>
                    <hints3:property hints3:name="glass/anchorPoint" xsi:type="hints3:Property">
                        <hints3:value hints3:data="10375,10175" hints3:type="org.eclipse.swt.graphics.Point" xsi:type="hints3:PropertyValue"/>
                    </hints3:property>
                    <hints3:property hints3:name="glass/anchorPoint-StuckInfo" xsi:type="hints3:Property">
                        <hints3:value hints3:data="{EDGE,{0.75,1.0}}" hints3:type="{[Ljava.lang.Object;,2,enum:edu.uci.isr.bna4.logics.coordinating.MaintainStickyPointLogic$StickyMode,{[F,2,java.lang.Float,java.lang.Float}}" xsi:type="hints3:PropertyValue"/>
                    </hints3:property>
                    <hints3:property hints3:name="background/color" xsi:type="hints3:Property">
                        <hints3:value hints3:data="255,255,255" hints3:type="org.eclipse.swt.graphics.RGB" xsi:type="hints3:PropertyValue"/>
                    </hints3:property>
                </hints3:hintedElement>
                <hints3:hintedElement xsi:type="hints3:HintedElement">
                    <hints3:target xlink:href="#interfaceffffff8a-e62fd144-b4e278a4-795001f9" xlink:type="simple" xsi:type="instance:XMLLink"/>
                    <hints3:property hints3:name="glass/anchorPoint" xsi:type="hints3:Property">
                        <hints3:value hints3:data="10175,10275" hints3:type="org.eclipse.swt.graphics.Point" xsi:type="hints3:PropertyValue"/>
                    </hints3:property>
                    <hints3:property hints3:name="glass/anchorPoint-StuckInfo" xsi:type="hints3:Property">
                        <hints3:value hints3:data="{EDGE,{0.5,0.0}}" hints3:type="{[Ljava.lang.Object;,2,enum:edu.uci.isr.bna4.logics.coordinating.MaintainStickyPointLogic$StickyMode,{[F,2,java.lang.Float,java.lang.Float}}" xsi:type="hints3:PropertyValue"/>
                    </hints3:property>
                    <hints3:property hints3:name="background/color" xsi:type="hints3:Property">
                        <hints3:value hints3:data="255,255,255" hints3:type="org.eclipse.swt.graphics.RGB" xsi:type="hints3:PropertyValue"/>
                    </hints3:property>
                </hints3:hintedElement>
                <hints3:hintedElement xsi:type="hints3:HintedElement">
                    <hints3:target xlink:href="#interfaceffffff8a-e62fe87b-e4ba33d4-7950021a" xlink:type="simple" xsi:type="instance:XMLLink"/>
                    <hints3:property hints3:name="glass/anchorPoint" xsi:type="hints3:Property">
                        <hints3:value hints3:data="10350,10275" hints3:type="org.eclipse.swt.graphics.Point" xsi:type="hints3:PropertyValue"/>
                    </hints3:property>
                    <hints3:property hints3:name="glass/anchorPoint-StuckInfo" xsi:type="hints3:Property">
                        <hints3:value hints3:data="{EDGE,{0.5,0.0}}" hints3:type="{[Ljava.lang.Object;,2,enum:edu.uci.isr.bna4.logics.coordinating.MaintainStickyPointLogic$StickyMode,{[F,2,java.lang.Float,java.lang.Float}}" xsi:type="hints3:PropertyValue"/>
                    </hints3:property>
                    <hints3:property hints3:name="background/color" xsi:type="hints3:Property">
                        <hints3:value hints3:data="255,255,255" hints3:type="org.eclipse.swt.graphics.RGB" xsi:type="hints3:PropertyValue"/>
                    </hints3:property>
                </hints3:hintedElement>
                <hints3:hintedElement xsi:type="hints3:HintedElement">
                    <hints3:target xlink:href="#interfaceffffff8a-e62fff59-90308a33-7950023b" xlink:type="simple" xsi:type="instance:XMLLink"/>
                    <hints3:property hints3:name="glass/anchorPoint" xsi:type="hints3:Property">
                        <hints3:value hints3:data="10500,10275" hints3:type="org.eclipse.swt.graphics.Point" xsi:type="hints3:PropertyValue"/>
                    </hints3:property>
                    <hints3:property hints3:name="glass/anchorPoint-StuckInfo" xsi:type="hints3:Property">
                        <hints3:value hints3:data="{EDGE,{0.5,0.0}}" hints3:type="{[Ljava.lang.Object;,2,enum:edu.uci.isr.bna4.logics.coordinating.MaintainStickyPointLogic$StickyMode,{[F,2,java.lang.Float,java.lang.Float}}" xsi:type="hints3:PropertyValue"/>
                    </hints3:property>
                    <hints3:property hints3:name="background/color" xsi:type="hints3:Property">
                        <hints3:value hints3:data="255,255,255" hints3:type="org.eclipse.swt.graphics.RGB" xsi:type="hints3:PropertyValue"/>
                    </hints3:property>
                </hints3:hintedElement>
                <hints3:hintedElement xsi:type="hints3:HintedElement">
                    <hints3:target xlink:href="#linkffffff8a-e630c926-c3c92a5f-7950024a" xlink:type="simple" xsi:type="instance:XMLLink"/>
                    <hints3:property hints3:name="glass/midpoints" xsi:type="hints3:Property">
                        <hints3:value hints3:data="{}" hints3:type="{[Lorg.eclipse.swt.graphics.Point;,0}" xsi:type="hints3:PropertyValue"/>
                    </hints3:property>
                    <hints3:property hints3:name="glass/endpoint1" xsi:type="hints3:Property">
                        <hints3:value hints3:data="10320,10178" hints3:type="org.eclipse.swt.graphics.Point" xsi:type="hints3:PropertyValue"/>
                    </hints3:property>
                    <hints3:property hints3:name="glass/endpoint2" xsi:type="hints3:Property">
                        <hints3:value hints3:data="10180,10272" hints3:type="org.eclipse.swt.graphics.Point" xsi:type="hints3:PropertyValue"/>
                    </hints3:property>
                    <hints3:property hints3:name="glass/endpoint1-StuckInfo" xsi:type="hints3:Property">
                        <hints3:value hints3:data="{EDGE_FROM_CENTER}" hints3:type="{[Ljava.lang.Object;,1,enum:edu.uci.isr.bna4.logics.coordinating.MaintainStickyPointLogic$StickyMode}" xsi:type="hints3:PropertyValue"/>
                    </hints3:property>
                    <hints3:property hints3:name="glass/endpoint2-StuckInfo" xsi:type="hints3:Property">
                        <hints3:value hints3:data="{EDGE_FROM_CENTER}" hints3:type="{[Ljava.lang.Object;,1,enum:edu.uci.isr.bna4.logics.coordinating.MaintainStickyPointLogic$StickyMode}" xsi:type="hints3:PropertyValue"/>
                    </hints3:property>
                </hints3:hintedElement>
                <hints3:hintedElement xsi:type="hints3:HintedElement">
                    <hints3:target xlink:href="#linkffffff8a-e631049f-9d3f11c9-7950025a" xlink:type="simple" xsi:type="instance:XMLLink"/>
                    <hints3:property hints3:name="glass/midpoints" xsi:type="hints3:Property">
                        <hints3:value hints3:data="{}" hints3:type="{[Lorg.eclipse.swt.graphics.Point;,0}" xsi:type="hints3:PropertyValue"/>
                    </hints3:property>
                    <hints3:property hints3:name="glass/endpoint1" xsi:type="hints3:Property">
                        <hints3:value hints3:data="10326,10180" hints3:type="org.eclipse.swt.graphics.Point" xsi:type="hints3:PropertyValue"/>
                    </hints3:property>
                    <hints3:property hints3:name="glass/endpoint2" xsi:type="hints3:Property">
                        <hints3:value hints3:data="10349,10270" hints3:type="org.eclipse.swt.graphics.Point" xsi:type="hints3:PropertyValue"/>
                    </hints3:property>
                    <hints3:property hints3:name="glass/endpoint1-StuckInfo" xsi:type="hints3:Property">
                        <hints3:value hints3:data="{EDGE_FROM_CENTER}" hints3:type="{[Ljava.lang.Object;,1,enum:edu.uci.isr.bna4.logics.coordinating.MaintainStickyPointLogic$StickyMode}" xsi:type="hints3:PropertyValue"/>
                    </hints3:property>
                    <hints3:property hints3:name="glass/endpoint2-StuckInfo" xsi:type="hints3:Property">
                        <hints3:value hints3:data="{EDGE_FROM_CENTER}" hints3:type="{[Ljava.lang.Object;,1,enum:edu.uci.isr.bna4.logics.coordinating.MaintainStickyPointLogic$StickyMode}" xsi:type="hints3:PropertyValue"/>
                    </hints3:property>
                </hints3:hintedElement>
                <hints3:hintedElement xsi:type="hints3:HintedElement">
                    <hints3:target xlink:href="#linkffffff8a-e631549d-91f83292-7950026a" xlink:type="simple" xsi:type="instance:XMLLink"/>
                    <hints3:property hints3:name="glass/midpoints" xsi:type="hints3:Property">
                        <hints3:value hints3:data="{}" hints3:type="{[Lorg.eclipse.swt.graphics.Point;,0}" xsi:type="hints3:PropertyValue"/>
                    </hints3:property>
                    <hints3:property hints3:name="glass/endpoint1" xsi:type="hints3:Property">
                        <hints3:value hints3:data="10380,10179" hints3:type="org.eclipse.swt.graphics.Point" xsi:type="hints3:PropertyValue"/>
                    </hints3:property>
                    <hints3:property hints3:name="glass/endpoint2" xsi:type="hints3:Property">
                        <hints3:value hints3:data="10495,10271" hints3:type="org.eclipse.swt.graphics.Point" xsi:type="hints3:PropertyValue"/>
                    </hints3:property>
                    <hints3:property hints3:name="glass/endpoint2-StuckInfo" xsi:type="hints3:Property">
                        <hints3:value hints3:data="{EDGE_FROM_CENTER}" hints3:type="{[Ljava.lang.Object;,1,enum:edu.uci.isr.bna4.logics.coordinating.MaintainStickyPointLogic$StickyMode}" xsi:type="hints3:PropertyValue"/>
                    </hints3:property>
                    <hints3:property hints3:name="glass/endpoint1-StuckInfo" xsi:type="hints3:Property">
                        <hints3:value hints3:data="{EDGE_FROM_CENTER}" hints3:type="{[Ljava.lang.Object;,1,enum:edu.uci.isr.bna4.logics.coordinating.MaintainStickyPointLogic$StickyMode}" xsi:type="hints3:PropertyValue"/>
                    </hints3:property>
                </hints3:hintedElement>
                <hints3:hintedElement xsi:type="hints3:HintedElement">
                    <hints3:target xlink:href="#interfaceffffff8a-e633fcb2-720931db-79500293" xlink:type="simple" xsi:type="instance:XMLLink"/>
                    <hints3:property hints3:name="glass/anchorPoint" xsi:type="hints3:Property">
                        <hints3:value hints3:data="10200,10275" hints3:type="org.eclipse.swt.graphics.Point" xsi:type="hints3:PropertyValue"/>
                    </hints3:property>
                    <hints3:property hints3:name="glass/anchorPoint-StuckInfo" xsi:type="hints3:Property">
                        <hints3:value hints3:data="{EDGE,{0.75,0.0}}" hints3:type="{[Ljava.lang.Object;,2,enum:edu.uci.isr.bna4.logics.coordinating.MaintainStickyPointLogic$StickyMode,{[F,2,java.lang.Float,java.lang.Float}}" xsi:type="hints3:PropertyValue"/>
                    </hints3:property>
                    <hints3:property hints3:name="background/color" xsi:type="hints3:Property">
                        <hints3:value hints3:data="255,255,255" hints3:type="org.eclipse.swt.graphics.RGB" xsi:type="hints3:PropertyValue"/>
                    </hints3:property>
                </hints3:hintedElement>
                <hints3:hintedElement xsi:type="hints3:HintedElement">
                    <hints3:target xlink:href="#linkffffff8a-e6344794-31eba3ba-7950029c" xlink:type="simple" xsi:type="instance:XMLLink"/>
                    <hints3:property hints3:name="glass/midpoints" xsi:type="hints3:Property">
                        <hints3:value hints3:data="{}" hints3:type="{[Lorg.eclipse.swt.graphics.Point;,0}" xsi:type="hints3:PropertyValue"/>
                    </hints3:property>
                    <hints3:property hints3:name="glass/endpoint1" xsi:type="hints3:Property">
                        <hints3:value hints3:data="10370,10178" hints3:type="org.eclipse.swt.graphics.Point" xsi:type="hints3:PropertyValue"/>
                    </hints3:property>
                    <hints3:property hints3:name="glass/endpoint2" xsi:type="hints3:Property">
                        <hints3:value hints3:data="10205,10272" hints3:type="org.eclipse.swt.graphics.Point" xsi:type="hints3:PropertyValue"/>
                    </hints3:property>
                    <hints3:property hints3:name="glass/endpoint1-StuckInfo" xsi:type="hints3:Property">
                        <hints3:value hints3:data="{EDGE_FROM_CENTER}" hints3:type="{[Ljava.lang.Object;,1,enum:edu.uci.isr.bna4.logics.coordinating.MaintainStickyPointLogic$StickyMode}" xsi:type="hints3:PropertyValue"/>
                    </hints3:property>
                    <hints3:property hints3:name="glass/endpoint2-StuckInfo" xsi:type="hints3:Property">
                        <hints3:value hints3:data="{EDGE_FROM_CENTER}" hints3:type="{[Ljava.lang.Object;,1,enum:edu.uci.isr.bna4.logics.coordinating.MaintainStickyPointLogic$StickyMode}" xsi:type="hints3:PropertyValue"/>
                    </hints3:property>
                </hints3:hintedElement>
            </hints3:hintedElement>
            <hints3:hintedElement xsi:type="hints3:HintedElement">
                <hints3:target xlink:href="#interfaceTypeffffff8a-e62ce7fe-f4a3cfda-7950000d" xlink:type="simple" xsi:type="instance:XMLLink"/>
            </hints3:hintedElement>
            
        </hints3:hintedElement>
    </hints3:renderingHints3>
    <changes:archChange changes:id="archChangeffffff8a-e62d83f7-26df4f95-79500010" xsi:type="changes:ArchChange">
        <changes:description xsi:type="instance:Description">Architecture Change Model</changes:description>
        <changes:changes changes:id="changesffffff8a-e62dcaa8-d5e45295-79500013" changes:status="mapped" xsi:type="changes:Changes">
            <changes:description xsi:type="instance:Description">2015-03-04 13:05</changes:description>
            <changes:componentChange changes:id="componentChangeffffff8a-e62dcab1-27317709-79500015" changes:type="add" xsi:type="changes:ComponentChange">
                <changes:description xsi:type="instance:Description">New Component</changes:description>
                <changes:component xlink:href="#componentffffff8a-e62dcaa8-d57ee15c-79500012" xlink:type="simple" xsi:type="instance:XMLLink"/>
            </changes:componentChange>
            <changes:componentChange changes:id="componentChangeffffff8a-e62de0d9-8eba5d3f-79500037" changes:type="add" xsi:type="changes:ComponentChange">
                <changes:description xsi:type="instance:Description">New Component</changes:description>
                <changes:component xlink:href="#componentffffff8a-e62de0d9-e161be80-79500036" xlink:type="simple" xsi:type="instance:XMLLink"/>
            </changes:componentChange>
            <changes:componentChange changes:id="componentChangeffffff8a-e62df399-ed806010-7950005a" changes:type="add" xsi:type="changes:ComponentChange">
                <changes:description xsi:type="instance:Description">New Component</changes:description>
                <changes:component xlink:href="#componentffffff8a-e62df399-ddaaf04a-79500059" xlink:type="simple" xsi:type="instance:XMLLink"/>
            </changes:componentChange>
            <changes:componentChange changes:id="componentChangeffffff8a-e62e07eb-bc86a8a5-7950007d" changes:type="add" xsi:type="changes:ComponentChange">
                <changes:description xsi:type="instance:Description">New Component</changes:description>
                <changes:component xlink:href="#componentffffff8a-e62e07eb-e4c95e92-7950007c" xlink:type="simple" xsi:type="instance:XMLLink"/>
            </changes:componentChange>
            <changes:componentChange changes:id="componentChangeffffff8a-e62f3c4a-82e494b0-795001d0" changes:type="update" xsi:type="changes:ComponentChange">
                <changes:description xsi:type="instance:Description">New interface</changes:description>
                <changes:component xlink:href="#componentffffff8a-e62dcaa8-d57ee15c-79500012" xlink:type="simple" xsi:type="instance:XMLLink"/>
                <changes:interfaceChange changes:id="interfaceChangeffffff8a-e62f3c4a-d9af9e29-795001d5" changes:type="add" xsi:type="changes:InterfaceChange">
                    <changes:interface xlink:href="#interfaceffffff8a-e62f3c4a-499a8cb6-795001cf" xlink:type="simple" xsi:type="instance:XMLLink"/>
                </changes:interfaceChange>
            </changes:componentChange>
            <changes:componentChange changes:id="componentChangeffffff8a-e62f5d85-50189990-795001d8" changes:type="update" xsi:type="changes:ComponentChange">
                <changes:description xsi:type="instance:Description">New interface</changes:description>
                <changes:component xlink:href="#componentffffff8a-e62dcaa8-d57ee15c-79500012" xlink:type="simple" xsi:type="instance:XMLLink"/>
                <changes:interfaceChange changes:id="interfaceChangeffffff8a-e62f5d85-3f812768-795001d9" changes:type="add" xsi:type="changes:InterfaceChange">
                    <changes:interface xlink:href="#interfaceffffff8a-e62f5d85-a035d12d-795001d7" xlink:type="simple" xsi:type="instance:XMLLink"/>
                </changes:interfaceChange>
            </changes:componentChange>
            <changes:componentChange changes:id="componentChangeffffff8a-e62fd144-21aa2762-795001fa" changes:type="update" xsi:type="changes:ComponentChange">
                <changes:description xsi:type="instance:Description">New interface</changes:description>
                <changes:component xlink:href="#componentffffff8a-e62de0d9-e161be80-79500036" xlink:type="simple" xsi:type="instance:XMLLink"/>
                <changes:interfaceChange changes:id="interfaceChangeffffff8a-e62fd147-5fc84b9d-79500200" changes:type="add" xsi:type="changes:InterfaceChange">
                    <changes:interface xlink:href="#interfaceffffff8a-e62fd144-b4e278a4-795001f9" xlink:type="simple" xsi:type="instance:XMLLink"/>
                </changes:interfaceChange>
            </changes:componentChange>
            <changes:componentChange changes:id="componentChangeffffff8a-e62fe87b-87534d91-7950021b" changes:type="update" xsi:type="changes:ComponentChange">
                <changes:description xsi:type="instance:Description">New interface</changes:description>
                <changes:component xlink:href="#componentffffff8a-e62df399-ddaaf04a-79500059" xlink:type="simple" xsi:type="instance:XMLLink"/>
                <changes:interfaceChange changes:id="interfaceChangeffffff8a-e62fe87b-1e958f38-7950021d" changes:type="add" xsi:type="changes:InterfaceChange">
                    <changes:interface xlink:href="#interfaceffffff8a-e62fe87b-e4ba33d4-7950021a" xlink:type="simple" xsi:type="instance:XMLLink"/>
                </changes:interfaceChange>
            </changes:componentChange>
            <changes:componentChange changes:id="componentChangeffffff8a-e62fff59-3ea8f9ad-7950023c" changes:type="update" xsi:type="changes:ComponentChange">
                <changes:description xsi:type="instance:Description">New interface</changes:description>
                <changes:component xlink:href="#componentffffff8a-e62e07eb-e4c95e92-7950007c" xlink:type="simple" xsi:type="instance:XMLLink"/>
                <changes:interfaceChange changes:id="interfaceChangeffffff8a-e62fff59-3bcbd88f-7950023e" changes:type="add" xsi:type="changes:InterfaceChange">
                    <changes:interface xlink:href="#interfaceffffff8a-e62fff59-90308a33-7950023b" xlink:type="simple" xsi:type="instance:XMLLink"/>
                </changes:interfaceChange>
            </changes:componentChange>
            <changes:componentChange changes:id="componentChangeffffff8a-e633fcb2-41f0f612-79500294" changes:type="update" xsi:type="changes:ComponentChange">
                <changes:description xsi:type="instance:Description">New interface</changes:description>
                <changes:component xlink:href="#componentffffff8a-e62de0d9-e161be80-79500036" xlink:type="simple" xsi:type="instance:XMLLink"/>
                <changes:interfaceChange changes:id="interfaceChangeffffff8a-e633fcb2-a748fe40-79500295" changes:type="add" xsi:type="changes:InterfaceChange">
                    <changes:interface xlink:href="#interfaceffffff8a-e633fcb2-720931db-79500293" xlink:type="simple" xsi:type="instance:XMLLink"/>
                </changes:interfaceChange>
            </changes:componentChange>
            <changes:linkChange changes:id="linkChangeffffff8a-e630c926-aa670c46-7950024b" changes:type="add" xsi:type="changes:LinkChange">
                <changes:description xsi:type="instance:Description">New Link</changes:description>
                <changes:link xlink:href="#linkffffff8a-e630c926-c3c92a5f-7950024a" xlink:type="simple" xsi:type="instance:XMLLink"/>
            </changes:linkChange>
            <changes:linkChange changes:id="linkChangeffffff8a-e630ee7f-0d93d312-79500258" changes:type="update" xsi:type="changes:LinkChange">
                <changes:description xsi:type="instance:Description">Update Link</changes:description>
                <changes:link xlink:href="#linkffffff8a-e630c926-c3c92a5f-7950024a" xlink:type="simple" xsi:type="instance:XMLLink"/>
            </changes:linkChange>
            <changes:linkChange changes:id="linkChangeffffff8a-e631049f-7527f482-7950025b" changes:type="add" xsi:type="changes:LinkChange">
                <changes:description xsi:type="instance:Description">New Link</changes:description>
                <changes:link xlink:href="#linkffffff8a-e631049f-9d3f11c9-7950025a" xlink:type="simple" xsi:type="instance:XMLLink"/>
            </changes:linkChange>
            <changes:linkChange changes:id="linkChangeffffff8a-e6312482-cf1ac342-79500268" changes:type="update" xsi:type="changes:LinkChange">
                <changes:description xsi:type="instance:Description">Update Link</changes:description>
                <changes:link xlink:href="#linkffffff8a-e631049f-9d3f11c9-7950025a" xlink:type="simple" xsi:type="instance:XMLLink"/>
            </changes:linkChange>
            <changes:linkChange changes:id="linkChangeffffff8a-e631549d-d1bc2e34-7950026b" changes:type="add" xsi:type="changes:LinkChange">
                <changes:description xsi:type="instance:Description">New Link</changes:description>
                <changes:link xlink:href="#linkffffff8a-e631549d-91f83292-7950026a" xlink:type="simple" xsi:type="instance:XMLLink"/>
            </changes:linkChange>
            <changes:linkChange changes:id="linkChangeffffff8a-e63173e8-b0e33a3c-79500278" changes:type="update" xsi:type="changes:LinkChange">
                <changes:description xsi:type="instance:Description">Update Link</changes:description>
                <changes:link xlink:href="#linkffffff8a-e631549d-91f83292-7950026a" xlink:type="simple" xsi:type="instance:XMLLink"/>
            </changes:linkChange>
            <changes:linkChange changes:id="linkChangeffffff8a-e6344794-b2570402-7950029d" changes:type="add" xsi:type="changes:LinkChange">
                <changes:description xsi:type="instance:Description">New Link</changes:description>
                <changes:link xlink:href="#linkffffff8a-e6344794-31eba3ba-7950029c" xlink:type="simple" xsi:type="instance:XMLLink"/>
            </changes:linkChange>
        </changes:changes>
    </changes:archChange>
</instance:xArch>
